DFO Administrative Area,Species,Stock Management Unit Name,Full Stock Management Unit Index,SMU Life History Type,Conservation Unit Name,Full Conservation Unit Index,CU Life History Type,Conservation Unit Type
FRASER AND INTERIOR,Chinook,FRASER SUMMER RUN 52 CHINOOK SALMON,CK-FIA-05,,LOWER FRASER RIVER-UPPER PITT_SU_1.3,CK-05,,Current
FRASER AND INTERIOR,Chinook,,,,FRASER-HARRISON FALL TRANSPLANT_FA_0.3,CK-9008,,Bin
FRASER AND INTERIOR,Chinook,,,,FRASER-CROSS-CU SUPPLEMENTATION EXCLUSION,CK-9006,,Bin
FRASER AND INTERIOR,Chinook,,,,FRASER-MISCELLANEOUS,CK-9004,,d
FRASER AND INTERIOR,Chinook,,,,BOUNDARY BAY_FA_0.3,CK-02,,Current
FRASER AND INTERIOR,Chinook,FRASER SPRING RUN 52 CHINOOK SALMON,CK-FIA-08,,NORTH THOMPSON_SP_1.3,CK-18,,Current
FRASER AND INTERIOR,Chinook,FRASER SPRING RUN 52 CHINOOK SALMON,CK-FIA-08,,UPPER FRASER RIVER_SP_1.3,CK-12,,Current
FRASER AND INTERIOR,Chinook,FRASER SPRING RUN 52 CHINOOK SALMON,CK-FIA-08,,MIDDLE FRASER RIVER_SP_1.3,CK-10,,Current
FRASER AND INTERIOR,Chinook,FRASER SPRING RUN 52 CHINOOK SALMON,CK-FIA-08,,MIDDLE FRASER-FRASER CANYON_SP_1.3,CK-08,,Current
FRASER AND INTERIOR,Chinook,FRASER SPRING RUN 52 CHINOOK SALMON,CK-FIA-08,,LOWER FRASER RIVER_SP_1.3,CK-04,,Current
FRASER AND INTERIOR,Chinook,FRASER SPRING RUN 42 CHINOOK SALMON,CK-FIA-06,,LOWER THOMPSON_SP_1.2,CK-17,,Current
FRASER AND INTERIOR,Chinook,FRASER SPRING RUN 42 CHINOOK SALMON,CK-FIA-06,,SOUTH THOMPSON-BESSETTE CREEK_SU_1.2,CK-16,,Current
FRASER AND INTERIOR,Chinook,FRASER SUMMER RUN 41 CHINOOK SALMON,CK-FIA-07,,UPPER ADAMS RIVER_SU_1.x,CK-82,,Current
FRASER AND INTERIOR,Chinook,FRASER SUMMER RUN 41 CHINOOK SALMON,CK-FIA-07,,SHUSWAP RIVER_SU_0.3,CK-15,,Current
FRASER AND INTERIOR,Chinook,FRASER SUMMER RUN 41 CHINOOK SALMON,CK-FIA-07,,SOUTH THOMPSON_SU_0.3,CK-13,,Current
FRASER AND INTERIOR,Chinook,FRASER SUMMER RUN 41 CHINOOK SALMON,CK-FIA-07,,MARIA SLOUGH_SU_0.3,CK-07,,Current
FRASER AND INTERIOR,Chinook,FRASER FALL RUN 41 CHINOOK SALMON,CK-FIA-02,,HATCHERY EXCLUSION-LOWER FRASER RIVER,CK-9000,,Deprecated(Bin)
FRASER AND INTERIOR,Chinook,FRASER FALL RUN 41 CHINOOK SALMON,CK-FIA-02,,LOWER FRASER RIVER_FA_0.3,CK-03,,Current
FRASER AND INTERIOR,Chinook,OKANAGAN CHINOOK SALMON,CK-FIA-01,,OKANAGAN_0.x,CK-01,,Current
FRASER AND INTERIOR,Chinook,FRASER SUMMER RUN 52 CHINOOK SALMON,CK-FIA-05,,NORTH THOMPSON_SU_1.3,CK-19,,Current
FRASER AND INTERIOR,Chinook,FRASER SUMMER RUN 52 CHINOOK SALMON,CK-FIA-05,,SOUTH THOMPSON_SU_1.3,CK-14,,Current
FRASER AND INTERIOR,Chinook,FRASER SUMMER RUN 52 CHINOOK SALMON,CK-FIA-05,,MIDDLE FRASER RIVER_SU_1.3,CK-11,,Current
FRASER AND INTERIOR,Chinook,FRASER SUMMER RUN 52 CHINOOK SALMON,CK-FIA-05,,MIDDLE FRASER RIVER-PORTAGE_FA_1.3,CK-09,,Current
FRASER AND INTERIOR,Chinook,FRASER SUMMER RUN 52 CHINOOK SALMON,CK-FIA-05,,LOWER FRASER RIVER_SU_1.3,CK-06,,Current
FRASER AND INTERIOR,Chum,FRASER CHUM SALMON,CM-FIA-01,,FRASER CANYON,CM-01,,VREQ[Current]
FRASER AND INTERIOR,Chum,,,,INTERIOR FRASER,CM-9004,,Bin
FRASER AND INTERIOR,Chum,FRASER CHUM SALMON,CM-FIA-01,,LOWER FRASER,CM-02,,Current
FRASER AND INTERIOR,Coho,LOWER FRASER COHO SALMON,CO-FIA-02,,LILLOOET,CO-04,,Current
FRASER AND INTERIOR,Coho,,,,MIDDLE FRASER,CO-06,,Deprecated
FRASER AND INTERIOR,Coho,,,,LOWER FRASER-B,CO-03,,Deprecated
FRASER AND INTERIOR,Coho,,,,LOWER FRASER-A,CO-02,,Deprecated
FRASER AND INTERIOR,Coho,INTERIOR FRASER COHO SALMON,CO-FIA-01,,INTERIOR FRASER,CO-48,,Current
FRASER AND INTERIOR,Coho,INTERIOR FRASER COHO SALMON,CO-FIA-01,,NORTH THOMPSON,CO-09,,Current
FRASER AND INTERIOR,Coho,INTERIOR FRASER COHO SALMON,CO-FIA-01,,SOUTH THOMPSON,CO-08,,Current
FRASER AND INTERIOR,Coho,INTERIOR FRASER COHO SALMON,CO-FIA-01,,LOWER THOMPSON,CO-07,,Current
FRASER AND INTERIOR,Coho,INTERIOR FRASER COHO SALMON,CO-FIA-01,,FRASER CANYON,CO-05,,Current
FRASER AND INTERIOR,Coho,LOWER FRASER COHO SALMON,CO-FIA-02,,LOWER FRASER,CO-47,,Current
FRASER AND INTERIOR,Pink,FRASER PINK SALMON - ODD,PKO-FIA-01,Odd Year,FRASER RIVER,PKO-01,Odd Year,Current
FRASER AND INTERIOR,Pink,,,,FRASER RIVER,PKE-9005,Even Year,Bin
FRASER AND INTERIOR,Sockeye,FRASER SOCKEYE SALMON - EARLY SUMMER,SEL-FIA-02,Lake Type,CHILLIWACK-EARLY SUMMER TIMING,SEL-03-01,Lake Type,Current
FRASER AND INTERIOR,Sockeye,,,,NICOLA,SEL-08-01,Lake Type,VREQ[Bin]
FRASER AND INTERIOR,Sockeye,,,,HANSARD,SEL-07-03,Lake Type,VREQ[Bin]
FRASER AND INTERIOR,Sockeye,,,,STONY/ROND,SEL-06-27,Lake Type,VREQ[Bin]
FRASER AND INTERIOR,Sockeye,,,,NARROW,SEL-06-26,Lake Type,VREQ[Bin]
FRASER AND INTERIOR,Sockeye,,,,EAGLET,SEL-06-25,Lake Type,VREQ[Bin]
FRASER AND INTERIOR,Sockeye,,,,AHBAU,SEL-06-24,Lake Type,VREQ[Bin]
FRASER AND INTERIOR,Sockeye,,,,SALMON,SEL-06-23,Lake Type,VREQ[Bin]
FRASER AND INTERIOR,Sockeye,,,,TUMUCH/SLIM,SEL-06-22,Lake Type,VREQ[Bin]
FRASER AND INTERIOR,Sockeye,,,,UPPER WHITE ROAD COMPLEX,SEL-06-21,Lake Type,VREQ[Bin]
FRASER AND INTERIOR,Sockeye,,,,FRASER RIVER MIGRATORY COUNTS,SEL-03-XX,Lake Type,Bin
FRASER AND INTERIOR,Sockeye,,,,ALOUETTE_EARLY SUMMER,SEL-03-07,Lake Type,Extirpated
FRASER AND INTERIOR,Sockeye,,,,UPPER FRASER,SER-06,River Type,VREQ[Bin]
FRASER AND INTERIOR,Sockeye,,,,MIDDLE FRASER,SER-05,River Type,VREQ[Bin]
FRASER AND INTERIOR,Sockeye,,,,(X)NORTH BARRIERE-EARLY SUMMER TIMING,SEL-10-02,Lake Type,Extirpated
FRASER AND INTERIOR,Sockeye,,,,ADAMS AND MOMICH LAKES-EARLY SUMMER TIMING,SEL-09-xx,Lake Type,Bin
FRASER AND INTERIOR,Sockeye,,,,MOMICH-EARLY SUMMER TIMING,SEL-09-05,Lake Type,Extirpated
FRASER AND INTERIOR,Sockeye,,,,ADAMS-EARLY SUMMER TIMING,SEL-09-04,Lake Type,Extirpated
FRASER AND INTERIOR,Sockeye,,,,SETON-SUMMER TIMING,SEL-06-19,Lake Type,Extirpated
FRASER AND INTERIOR,Sockeye,,,,CARIBOO-SUMMER TIMING,SEL-06-18,Lake Type,VREQ[Bin]
FRASER AND INTERIOR,Sockeye,,,,KAMLOOPS-LATE TIMING,SEL-09-01,Lake Type,Deprecated
FRASER AND INTERIOR,Sockeye,,,,TAKLA/TREMBLEUR-SUMMER TIMING,SEL-06-15,Lake Type,Deprecated
FRASER AND INTERIOR,Sockeye,,,,NADINA-EARLY SUMMER TIMING,SEL-06-09,Lake Type,Deprecated
FRASER AND INTERIOR,Sockeye,,,,MCKINLEY-SUMMER TIMING,SEL-06-08,Lake Type,Deprecated
FRASER AND INTERIOR,Sockeye,,,,FRASER-EARLY SUMMER TIMING,SEL-06-06,Lake Type,Extirpated
FRASER AND INTERIOR,Sockeye,,,,FRANCOIS-LATE TIMING,SEL-06-05,Lake Type,VREQ[Extirpated]
FRASER AND INTERIOR,Sockeye,FRASER SOCKEYE SALMON - SUMMER,SEL/SER-FIA-01,Lake Type; River Type,HARRISON RIVER,SER-03,River Type,Current
FRASER AND INTERIOR,Sockeye,FRASER SOCKEYE SALMON - SUMMER,SEL/SER-FIA-01,Lake Type; River Type,WIDGEON,SER-02,River Type,Current
FRASER AND INTERIOR,Sockeye,FRASER SOCKEYE SALMON - SUMMER,SEL/SER-FIA-01,Lake Type; River Type,TAKLA/TREMBLEUR/STUART-SUMMER TIMING,SEL-06-13,Lake Type,Current
FRASER AND INTERIOR,Sockeye,FRASER SOCKEYE SALMON - SUMMER,SEL/SER-FIA-01,Lake Type; River Type,FRANCOIS/FRASER-SUMMER TIMING,SEL-06-07,Lake Type,Current
FRASER AND INTERIOR,Sockeye,FRASER SOCKEYE SALMON - SUMMER,SEL/SER-FIA-01,Lake Type; River Type,KAMLOOPS-EARLY SUMMER TIMING,SEL-10-01,Lake Type,Current
FRASER AND INTERIOR,Sockeye,FRASER SOCKEYE SALMON - SUMMER,SEL/SER-FIA-01,Lake Type; River Type,QUESNEL-SUMMER TIMING,SEL-06-10,Lake Type,Current
FRASER AND INTERIOR,Sockeye,FRASER SOCKEYE SALMON - SUMMER,SEL/SER-FIA-01,Lake Type; River Type,CHILKO-SUMMER TIMING,SEL-06-03,Lake Type,Current
FRASER AND INTERIOR,Sockeye,FRASER SOCKEYE SALMON - EARLY STUART,SEL-FIA-14,Lake Type,TAKLA/TREMBLEUR-EARLY STUART TIMING,SEL-06-14,Lake Type,Current
FRASER AND INTERIOR,Sockeye,FRASER SOCKEYE SALMON - LATE,SEL-FIA-03,Lake Type,LILLOOET/HARRISON-LATE TIMING,SEL-04-01,Lake Type,Current
FRASER AND INTERIOR,Sockeye,FRASER SOCKEYE SALMON - LATE,SEL-FIA-03,Lake Type,SHUSWAP COMPLEX-LATE TIMING,SEL-09-03,Lake Type,Current
FRASER AND INTERIOR,Sockeye,FRASER SOCKEYE SALMON - LATE,SEL-FIA-03,Lake Type,SETON-LATE TIMING,SEL-06-11,Lake Type,Current
FRASER AND INTERIOR,Sockeye,FRASER SOCKEYE SALMON - LATE,SEL-FIA-03,Lake Type,HARRISON-UPSTREAM MIGRATING-LATE TIMING,SEL-03-04,Lake Type,Current
FRASER AND INTERIOR,Sockeye,FRASER SOCKEYE SALMON - LATE,SEL-FIA-03,Lake Type,HARRISON-DOWNSTREAM MIGRATING-LATE TIMING,SEL-03-03,Lake Type,Current
FRASER AND INTERIOR,Sockeye,FRASER SOCKEYE SALMON - LATE,SEL-FIA-03,Lake Type,CULTUS-LATE TIMING,SEL-03-02,Lake Type,Current
FRASER AND INTERIOR,Sockeye,OKANAGAN SOCKEYE SALMON,SEL-FIA-01,Lake Type,OSOYOOS-SKAHA-OKANAGAN,SEL-01-01,Lake Type,Current
FRASER AND INTERIOR,Sockeye,FRASER SOCKEYE SALMON - EARLY SUMMER,SEL-FIA-02,Lake Type,NORTH BARRIERE-EARLY SUMMER TIMING,SEL-10-03,Lake Type,Current
FRASER AND INTERIOR,Sockeye,FRASER SOCKEYE SALMON - EARLY SUMMER,SEL-FIA-02,Lake Type,NADINA/FRANCOIS-EARLY SUMMER TIMING,SEL-06-20,Lake Type,Current
FRASER AND INTERIOR,Sockeye,FRASER SOCKEYE SALMON - EARLY SUMMER,SEL-FIA-02,Lake Type,SHUSWAP COMPLEX-EARLY SUMMER TIMING,SEL-09-02,Lake Type,Current
FRASER AND INTERIOR,Sockeye,FRASER SOCKEYE SALMON - EARLY SUMMER,SEL-FIA-02,Lake Type,INDIAN/KRUGER-EARLY SUMMER TIMING,SEL-07-02,Lake Type,VREQ[Bin]
FRASER AND INTERIOR,Sockeye,FRASER SOCKEYE SALMON - EARLY SUMMER,SEL-FIA-02,Lake Type,BOWRON-EARLY SUMMER TIMING,SEL-07-01,Lake Type,Current
FRASER AND INTERIOR,Sockeye,FRASER SOCKEYE SALMON - EARLY SUMMER,SEL-FIA-02,Lake Type,TASEKO-EARLY SUMMER TIMING,SEL-06-16,Lake Type,Current
FRASER AND INTERIOR,Sockeye,FRASER SOCKEYE SALMON - EARLY SUMMER,SEL-FIA-02,Lake Type,FRANCOIS-EARLY SUMMER TIMING,SEL-06-04,Lake Type,VREQ[Extirpated]
FRASER AND INTERIOR,Sockeye,FRASER SOCKEYE SALMON - EARLY SUMMER,SEL-FIA-02,Lake Type,CHILKO-EARLY SUMMER TIMING,SEL-06-02,Lake Type,Current
FRASER AND INTERIOR,Sockeye,FRASER SOCKEYE SALMON - EARLY SUMMER,SEL-FIA-02,Lake Type,ANDERSON/SETON-EARLY SUMMER TIMING,SEL-06-01,Lake Type,Current
FRASER AND INTERIOR,Sockeye,FRASER SOCKEYE SALMON - EARLY SUMMER,SEL-FIA-02,Lake Type,NAHATLATCH-EARLY SUMMER TIMING,SEL-05-02,Lake Type,Current
FRASER AND INTERIOR,Sockeye,FRASER SOCKEYE SALMON - EARLY SUMMER,SEL-FIA-02,Lake Type,PITT-EARLY SUMMER TIMING,SEL-03-05,Lake Type,Current
NORTH COAST,Chinook,NASS CHINOOK SALMON,CK-NC-58,,UPPER NASS,CK-58,,Current
NORTH COAST,Chinook,,,,HATCHERY EXCLUSION-PALLANT CREEK,CK-9002,,Bin
NORTH COAST,Chinook,,,,MIDDLE SKEENA,CK-52,,Deprecated
NORTH COAST,Chinook,,,,GITNADOIX,CK-47,,Deprecated
NORTH COAST,Chinook,HAIDA GWAII CHINOOK SALMON,CK-NC-04,,HAIDA GWAII-EAST,CK-44,,Current
NORTH COAST,Chinook,HAIDA GWAII CHINOOK SALMON,CK-NC-04,,HAIDA GWAII-NORTH,CK-43,,Current
NORTH COAST,Chinook,SKEENA CHINOOK SALMON,CK-NC-03,,UPPER SKEENA,CK-56,,Current
NORTH COAST,Chinook,SKEENA CHINOOK SALMON,CK-NC-03,,UPPER BULKLEY RIVER,CK-55,,Current
NORTH COAST,Chinook,SKEENA CHINOOK SALMON,CK-NC-03,,MIDDLE SKEENA-LARGE LAKES,CK-53,,Current
NORTH COAST,Chinook,SKEENA CHINOOK SALMON,CK-NC-03,,LAKELSE,CK-51,,Current
NORTH COAST,Chinook,SKEENA CHINOOK SALMON,CK-NC-03,,KALUM-LATE TIMING,CK-50,,Current
NORTH COAST,Chinook,SKEENA CHINOOK SALMON,CK-NC-03,,KALUM-EARLY TIMING,CK-49,,Current
NORTH COAST,Chinook,SKEENA CHINOOK SALMON,CK-NC-03,,ECSTALL,CK-46,,Current
NORTH COAST,Chinook,SKEENA CHINOOK SALMON,CK-NC-03,,SKEENA ESTUARY,CK-45,,Current
NORTH COAST,Chinook,SKEENA CHINOOK SALMON,CK-NC-03,,SICINTINE,CK-81,,Current
NORTH COAST,Chinook,SKEENA CHINOOK SALMON,CK-NC-03,,ZYMOETZ,CK-80,,Current
NORTH COAST,Chinook,SKEENA CHINOOK SALMON,CK-NC-03,,MIDDLE SKEENA-MAINSTEM TRIBUTARIES,CK-54,,Current
NORTH COAST,Chinook,SKEENA CHINOOK SALMON,CK-NC-03,,LOWER SKEENA,CK-48,,Current
NORTH COAST,Chinook,CENTRAL COAST CHINOOK SALMON,CK-NC-02,,PORTLAND SOUND-OBSERVATORY INLET-LOWER NASS,CK-57,,Current
NORTH COAST,Chinook,CENTRAL COAST CHINOOK SALMON,CK-NC-02,,NORTH AND CENTRAL COAST-EARLY TIMING,CK-42,,Current
NORTH COAST,Chinook,CENTRAL COAST CHINOOK SALMON,CK-NC-02,,NORTH AND CENTRAL COAST-LATE TIMING,CK-41,,Current
NORTH COAST,Chinook,CENTRAL COAST CHINOOK SALMON,CK-NC-02,,DEAN RIVER,CK-40,,Current
NORTH COAST,Chinook,CENTRAL COAST CHINOOK SALMON,CK-NC-02,,BELLA COOLA-BENTINCK,CK-39,,Current
NORTH COAST,Chinook,CENTRAL COAST CHINOOK SALMON,CK-NC-02,,WANNOCK,CK-38,,Current
NORTH COAST,Chinook,CENTRAL COAST CHINOOK SALMON,CK-NC-02,,RIVERS INLET,CK-37,,Current
NORTH COAST,Chinook,CENTRAL COAST CHINOOK SALMON,CK-NC-02,,DOCEE,CK-36,,Current
NORTH COAST,Chum,CENTRAL COAST CHUM SALMON,CM-NC-01,,SMITH INLET,CM-12,,Current
NORTH COAST,Chum,,,,LOWER STIKINE,CM-34,,Current
NORTH COAST,Chum,SKEENA CHUM SALMON,CM-NC-04,,MIDDLE SKEENA,CM-28,,Current
NORTH COAST,Chum,SKEENA CHUM SALMON,CM-NC-04,,LOWER SKEENA,CM-27,,Current
NORTH COAST,Chum,HAIDA GWAII CHUM SALMON,CM-NC-02,,NORTH HAIDA GWAII-STANLEY CREEK,CM-25,,Current
NORTH COAST,Chum,HAIDA GWAII CHUM SALMON,CM-NC-02,,NORTH HAIDA GWAII,CM-24,,Current
NORTH COAST,Chum,HAIDA GWAII CHUM SALMON,CM-NC-02,,WEST HAIDA GWAII,CM-23,,Current
NORTH COAST,Chum,HAIDA GWAII CHUM SALMON,CM-NC-02,,SKIDEGATE,CM-22,,Current
NORTH COAST,Chum,HAIDA GWAII CHUM SALMON,CM-NC-02,,EAST HG,CM-21,,Current
NORTH COAST,Chum,NASS CHUM SALMON,CM-NC-31,,LOWER NASS,CM-31,,Current
NORTH COAST,Chum,SKEENA - NASS CHUM COASTAL,CM-NC-05,,PORTLAND CANAL-OBSERVATORY,CM-32,,Current
NORTH COAST,Chum,SKEENA - NASS CHUM COASTAL,CM-NC-05,,PORTLAND INLET,CM-30,,Current
NORTH COAST,Chum,SKEENA - NASS CHUM COASTAL,CM-NC-05,,SKEENA ESTUARY,CM-26,,Current
NORTH COAST,Chum,CENTRAL COAST CHUM SALMON,CM-NC-01,,DOUGLAS-GARDNER,CM-20,,Current
NORTH COAST,Chum,CENTRAL COAST CHUM SALMON,CM-NC-01,,MUSSEL-KYNOCH,CM-19,,Current
NORTH COAST,Chum,CENTRAL COAST CHUM SALMON,CM-NC-01,,HECATE LOWLANDS,CM-18,,Current
NORTH COAST,Chum,CENTRAL COAST CHUM SALMON,CM-NC-01,,BELLA COOLA RIVER-LATE,CM-17,,Current
NORTH COAST,Chum,CENTRAL COAST CHUM SALMON,CM-NC-01,,BELLA COOLA-DEAN RIVERS,CM-16,,Current
NORTH COAST,Chum,CENTRAL COAST CHUM SALMON,CM-NC-01,,SPILLER-FITZ HUGH-BURKE,CM-15,,Current
NORTH COAST,Chum,CENTRAL COAST CHUM SALMON,CM-NC-01,,WANNOCK,CM-14,,Current
NORTH COAST,Chum,CENTRAL COAST CHUM SALMON,CM-NC-01,,RIVERS INLET,CM-13,,Current
NORTH COAST,Coho,CENTRAL COAST COHO SALMON,CO-NC-01,,SMITH INLET,CO-20,,Current
NORTH COAST,Coho,SKEENA COHO SALMON,CO-NC-04,,UPPER SKEENA,CO-34,,Current
NORTH COAST,Coho,SKEENA COHO SALMON,CO-NC-04,,MIDDLE SKEENA,CO-33,,Current
NORTH COAST,Coho,SKEENA COHO SALMON,CO-NC-04,,LOWER SKEENA,CO-32,,Current
NORTH COAST,Coho,SKEENA COHO SALMON,CO-NC-04,,SKEENA ESTUARY,CO-31,,Current
NORTH COAST,Coho,NASS COHO SALMON,CO-NC-03,,PORTLAND SOUND-OBSERVATORY INLET-PORTLAND CANAL,CO-37,,Current
NORTH COAST,Coho,NASS COHO SALMON,CO-NC-03,,UPPER NASS,CO-36,,Current
NORTH COAST,Coho,NASS COHO SALMON,CO-NC-03,,LOWER NASS,CO-35,,Current
NORTH COAST,Coho,HAIDA GWAII COHO SALMON,CO-NC-02,,HG-GRAHAM ISLAND LOWLANDS,CO-25,,Current
NORTH COAST,Coho,HAIDA GWAII COHO SALMON,CO-NC-02,,HG-WEST,CO-24,,Current
NORTH COAST,Coho,HAIDA GWAII COHO SALMON,CO-NC-02,,HG-EAST,CO-23,,Current
NORTH COAST,Coho,CENTRAL COAST COHO SALMON,CO-NC-01,,NORTHERN COASTAL STREAMS,CO-30,,Current
NORTH COAST,Coho,CENTRAL COAST COHO SALMON,CO-NC-01,,DOUGLAS CHANNEL-KITIMAT ARM,CO-29,,Current
NORTH COAST,Coho,CENTRAL COAST COHO SALMON,CO-NC-01,,BRIM-WAHOO,CO-28,,Deprecated
NORTH COAST,Coho,CENTRAL COAST COHO SALMON,CO-NC-01,,HECATE STRAIT MAINLAND,CO-27,,Current
NORTH COAST,Coho,CENTRAL COAST COHO SALMON,CO-NC-01,,MUSSEL-KYNOCH,CO-26,,Current
NORTH COAST,Coho,CENTRAL COAST COHO SALMON,CO-NC-01,,BELLA COOLA-DEAN RIVERS,CO-22,,Current
NORTH COAST,Coho,CENTRAL COAST COHO SALMON,CO-NC-01,,RIVERS INLET,CO-21,,Current
NORTH COAST,Pink,SKEENA PINK SALMON,PK-NC-03,Even Year; Odd Year,LOWER SKEENA,PKO-15,Odd Year,Current
NORTH COAST,Pink,NASS PINK SALMON,PK-NC-04,Even Year; Odd Year,UPPER NASS,PKE-12,Even Year,Current
NORTH COAST,Pink,NASS PINK SALMON,PK-NC-04,Even Year; Odd Year,NASS-SKEENA ESTUARY,PKE-07,Even Year,Current
NORTH COAST,Pink,NASS PINK SALMON,PK-NC-04,Even Year; Odd Year,UPPER NASS,PKO-18,Odd Year,Current
NORTH COAST,Pink,NASS PINK SALMON,PK-NC-04,Even Year; Odd Year,NASS-PORTLAND-OBSERVATORY,PKO-17,Odd Year,Current
NORTH COAST,Pink,NASS PINK SALMON,PK-NC-04,Even Year; Odd Year,NASS-SKEENA ESTUARY,PKO-14,Odd Year,Current
NORTH COAST,Pink,CENTRAL COAST PINK SALMON,PK-NC-02,Even Year; Odd Year,HECATE STRAIT-FJORDS,PKE-06,Even Year,Current
NORTH COAST,Pink,CENTRAL COAST PINK SALMON,PK-NC-02,Even Year; Odd Year,HECATE LOWLANDS,PKE-05,Even Year,Current
NORTH COAST,Pink,CENTRAL COAST PINK SALMON,PK-NC-02,Even Year; Odd Year,HECATE STRAIT-FJORDS,PKO-13,Odd Year,Current
NORTH COAST,Pink,CENTRAL COAST PINK SALMON,PK-NC-02,Even Year; Odd Year,HECATE STRAIT-LOWLANDS,PKO-12,Odd Year,Current
NORTH COAST,Pink,CENTRAL COAST PINK SALMON,PK-NC-02,Even Year; Odd Year,HOMATHKO-KLINAKLINI-SMITH-RIVERS-BELLA COOLA-DEAN,PKO-08,Odd Year,Current
NORTH COAST,Pink,HAIDA GWAII PINK SALMON,PK-NC-01,Even Year; Odd Year,WEST HAIDA GWAII,PKE-11,Even Year,Current
NORTH COAST,Pink,HAIDA GWAII PINK SALMON,PK-NC-01,Even Year; Odd Year,EAST HAIDA GWAII,PKE-10,Even Year,Current
NORTH COAST,Pink,HAIDA GWAII PINK SALMON,PK-NC-01,Even Year; Odd Year,NORTH HAIDA GWAII,PKE-09,Even Year,Current
NORTH COAST,Pink,HAIDA GWAII PINK SALMON,PK-NC-01,Even Year; Odd Year,WEST HAIDA GWAII,PKO-11,Odd Year,Current
NORTH COAST,Pink,HAIDA GWAII PINK SALMON,PK-NC-01,Even Year; Odd Year,NORTH HAIDA GWAII,PKO-10,Odd Year,Current
NORTH COAST,Pink,HAIDA GWAII PINK SALMON,PK-NC-01,Even Year; Odd Year,EAST HAIDA GWAII,PKO-09,Odd Year,Current
NORTH COAST,Pink,SKEENA PINK SALMON,PK-NC-03,Even Year; Odd Year,MIDDLE-UPPER SKEENA,PKE-08,Even Year,Current
NORTH COAST,Pink,SKEENA PINK SALMON,PK-NC-03,Even Year; Odd Year,MIDDLE AND UPPER SKEENA,PKO-16,Odd Year,Current
NORTH COAST,Sockeye,HAIDA GWAII SOCKEYE SALMON,SEL-NC-01,Lake Type,MARIE,SEL-17-10,Lake Type,Current
NORTH COAST,Sockeye,,,,NORTHERN TRANSBOUNDARY FJORDS,SER-22,River Type,Current
NORTH COAST,Sockeye,,,,UPPER NASS RIVER,SER-21,River Type,Current
NORTH COAST,Sockeye,,,,LOWER NASS-PORTLAND,SER-20,River Type,Current
NORTH COAST,Sockeye,,,,SKEENA RIVER-HIGH INTERIOR,SER-19,River Type,Current
NORTH COAST,Sockeye,,,,SKEENA RIVER,SER-18,River Type,Current
NORTH COAST,Sockeye,,,,NORTHERN COASTAL STREAMS,SER-17,River Type,Current
NORTH COAST,Sockeye,,,,NORTHERN COASTAL FJORDS,SER-16,River Type,Current
NORTH COAST,Sockeye,,,,NORTH HAIDA GWAII,SER-15,River Type,Current
NORTH COAST,Sockeye,,,,WEST HAIDA GWAII,SER-14,River Type,Current
NORTH COAST,Sockeye,,,,EAST HAIDA GWAII,SER-13,River Type,Current
NORTH COAST,Sockeye,,,,RIVERS-SMITH INLETS,SER-12,River Type,Current
NORTH COAST,Sockeye,,,,NILKITKWA,SEL-21-08,Lake Type,Deprecated
NORTH COAST,Sockeye,,,,ONERKA,SEL-21-13,Lake Type,VREQ[Bin]
NORTH COAST,Sockeye,,,,SOUTH BONNILA,SEL-19-73,Lake Type,VREQ[Bin]
NORTH COAST,Sockeye,,,,SYLVIA CREEK,SEL-19-72,Lake Type,VREQ[Bin]
NORTH COAST,Sockeye,,,,GUDAL,SEL-17-12,Lake Type,VREQ[Bin]
NORTH COAST,Sockeye,,,,MAYER,SEL-17-11,Lake Type,VREQ[Bin]
NORTH COAST,Sockeye,NASS SOCKEYE SALMON,SEL-NC-04,Lake Type,OWEEGEE,SEL-24-06,Lake Type,Current
NORTH COAST,Sockeye,NASS SOCKEYE SALMON,SEL-NC-04,Lake Type,MEZIADIN,SEL-24-05,Lake Type,Current
NORTH COAST,Sockeye,NASS SOCKEYE SALMON,SEL-NC-04,Lake Type,KWINAGEESE,SEL-24-04,Lake Type,Current
NORTH COAST,Sockeye,NASS SOCKEYE SALMON,SEL-NC-04,Lake Type,FRED WRIGHT,SEL-24-03,Lake Type,Current
NORTH COAST,Sockeye,NASS SOCKEYE SALMON,SEL-NC-04,Lake Type,DAMDOCHAX/WIMINASIK,SEL-24-02,Lake Type,Current
NORTH COAST,Sockeye,NASS SOCKEYE SALMON,SEL-NC-04,Lake Type,BOWSER,SEL-24-01,Lake Type,Current
NORTH COAST,Sockeye,NASS SOCKEYE SALMON,SEL-NC-04,Lake Type,SPLIT MOUNTAIN/LEVERSON,SEL-23-02,Lake Type,VREQ[Bin]
NORTH COAST,Sockeye,NASS SOCKEYE SALMON,SEL-NC-04,Lake Type,CLEMENTS,SEL-23-01,Lake Type,VREQ[Bin]
NORTH COAST,Sockeye,RIVERS/SMITH SOCKEYE SALMON,SEL-NC-05,Lake Type,SOUTH ATNARKO LAKES,SEL-16-01,Lake Type,Current
NORTH COAST,Sockeye,RIVERS/SMITH SOCKEYE SALMON,SEL-NC-05,Lake Type,WANNOCK[OWIKENO],SEL-15-04,Lake Type,Current
NORTH COAST,Sockeye,RIVERS/SMITH SOCKEYE SALMON,SEL-NC-05,Lake Type,OWIKENO-LATE TIMING,SEL-15-03,Lake Type,VREQ[Bin]
NORTH COAST,Sockeye,RIVERS/SMITH SOCKEYE SALMON,SEL-NC-05,Lake Type,OWIKENO,SEL-15-02,Lake Type,Current
NORTH COAST,Sockeye,RIVERS/SMITH SOCKEYE SALMON,SEL-NC-05,Lake Type,LONG,SEL-15-01,Lake Type,Current
NORTH COAST,Sockeye,SKEENA SOCKEYE SALMON,SEL-NC-02,Lake Type,SUSTUT,SEL-22-12,Lake Type,Current
NORTH COAST,Sockeye,SKEENA SOCKEYE SALMON,SEL-NC-02,Lake Type,SPAWNING,SEL-22-11,Lake Type,Current
NORTH COAST,Sockeye,SKEENA SOCKEYE SALMON,SEL-NC-02,Lake Type,SLAMGEESH,SEL-22-10,Lake Type,Current
NORTH COAST,Sockeye,SKEENA SOCKEYE SALMON,SEL-NC-02,Lake Type,SICINTINE,SEL-22-09,Lake Type,Current
NORTH COAST,Sockeye,SKEENA SOCKEYE SALMON,SEL-NC-02,Lake Type,MOTASE,SEL-22-08,Lake Type,Current
NORTH COAST,Sockeye,SKEENA SOCKEYE SALMON,SEL-NC-02,Lake Type,KLUAYAZ,SEL-22-07,Lake Type,Current
NORTH COAST,Sockeye,SKEENA SOCKEYE SALMON,SEL-NC-02,Lake Type,KLUATANTAN,SEL-22-06,Lake Type,Current
NORTH COAST,Sockeye,SKEENA SOCKEYE SALMON,SEL-NC-02,Lake Type,JOHANSON,SEL-22-05,Lake Type,Current
NORTH COAST,Sockeye,SKEENA SOCKEYE SALMON,SEL-NC-02,Lake Type,DAMSHILGWIT,SEL-22-04,Lake Type,Current
NORTH COAST,Sockeye,SKEENA SOCKEYE SALMON,SEL-NC-02,Lake Type,BEAR,SEL-22-03,Lake Type,Current
NORTH COAST,Sockeye,SKEENA SOCKEYE SALMON,SEL-NC-02,Lake Type,AZUKLOTZ,SEL-22-02,Lake Type,Current
NORTH COAST,Sockeye,SKEENA SOCKEYE SALMON,SEL-NC-02,Lake Type,ASITIKA,SEL-22-01,Lake Type,Current
NORTH COAST,Sockeye,SKEENA SOCKEYE SALMON,SEL-NC-02,Lake Type,TAHLO/MORRISON,SEL-21-11,Lake Type,Current
NORTH COAST,Sockeye,SKEENA SOCKEYE SALMON,SEL-NC-02,Lake Type,SWAN,SEL-21-10,Lake Type,Deprecated
NORTH COAST,Sockeye,SKEENA SOCKEYE SALMON,SEL-NC-02,Lake Type,STEPHENS,SEL-21-09,Lake Type,Current
NORTH COAST,Sockeye,SKEENA SOCKEYE SALMON,SEL-NC-02,Lake Type,MORICE,SEL-21-07,Lake Type,Current
NORTH COAST,Sockeye,SKEENA SOCKEYE SALMON,SEL-NC-02,Lake Type,MAXAN,SEL-21-06,Lake Type,Current
NORTH COAST,Sockeye,SKEENA SOCKEYE SALMON,SEL-NC-02,Lake Type,KITWANCOOL,SEL-21-05,Lake Type,Current
NORTH COAST,Sockeye,SKEENA SOCKEYE SALMON,SEL-NC-02,Lake Type,BULKLEY,SEL-21-03,Lake Type,Current
NORTH COAST,Sockeye,SKEENA SOCKEYE SALMON,SEL-NC-02,Lake Type,BABINE,SEL-21-02,Lake Type,Current
NORTH COAST,Sockeye,SKEENA SOCKEYE SALMON,SEL-NC-02,Lake Type,ATNA,SEL-21-01,Lake Type,Current
NORTH COAST,Sockeye,SKEENA SOCKEYE SALMON,SEL-NC-02,Lake Type,MCDONELL,SEL-20-08,Lake Type,Current
NORTH COAST,Sockeye,SKEENA SOCKEYE SALMON,SEL-NC-02,Lake Type,LAKELSE,SEL-20-07,Lake Type,Current
NORTH COAST,Sockeye,SKEENA SOCKEYE SALMON,SEL-NC-02,Lake Type,KITSUMKALUM,SEL-20-06,Lake Type,Current
NORTH COAST,Sockeye,SKEENA SOCKEYE SALMON,SEL-NC-02,Lake Type,JOHNSTON,SEL-20-05,Lake Type,Current
NORTH COAST,Sockeye,SKEENA SOCKEYE SALMON,SEL-NC-02,Lake Type,ECSTALL/LOWER,SEL-20-04,Lake Type,Current
NORTH COAST,Sockeye,SKEENA SOCKEYE SALMON,SEL-NC-02,Lake Type,DENNIS,SEL-20-03,Lake Type,Current
NORTH COAST,Sockeye,SKEENA SOCKEYE SALMON,SEL-NC-02,Lake Type,ALDRICH,SEL-20-02,Lake Type,Current
NORTH COAST,Sockeye,SKEENA SOCKEYE SALMON,SEL-NC-02,Lake Type,ALASTAIR,SEL-20-01,Lake Type,Current
NORTH COAST,Sockeye,SKEENA SOCKEYE SALMON,SEL-NC-02,Lake Type,SHAWATLAN,SEL-19-54,Lake Type,Current
NORTH COAST,Sockeye,SKEENA SOCKEYE SALMON,SEL-NC-02,Lake Type,PRUDHOMME,SEL-19-49,Lake Type,Current
NORTH COAST,Sockeye,SKEENA SOCKEYE SALMON,SEL-NC-02,Lake Type,FOOTSORE/HODDER,SEL-21-12,Lake Type,Current
NORTH COAST,Sockeye,CENTRAL COAST SOCKEYE SALMON,SEL-NC-03,Lake Type,YEO,SEL-19-70,Lake Type,Current
NORTH COAST,Sockeye,CENTRAL COAST SOCKEYE SALMON,SEL-NC-03,Lake Type,YAAKLELE LAGOON,SEL-19-69,Lake Type,VREQ[Bin]
NORTH COAST,Sockeye,CENTRAL COAST SOCKEYE SALMON,SEL-NC-03,Lake Type,WEST CREEK,SEL-19-68,Lake Type,VREQ[Bin]
NORTH COAST,Sockeye,CENTRAL COAST SOCKEYE SALMON,SEL-NC-03,Lake Type,WATT BAY,SEL-19-67,Lake Type,VREQ[Bin]
NORTH COAST,Sockeye,CENTRAL COAST SOCKEYE SALMON,SEL-NC-03,Lake Type,WALE CREEK,SEL-19-66,Lake Type,Current
NORTH COAST,Sockeye,CENTRAL COAST SOCKEYE SALMON,SEL-NC-03,Lake Type,TYLER CREEK,SEL-19-65,Lake Type,VREQ[Bin]
NORTH COAST,Sockeye,CENTRAL COAST SOCKEYE SALMON,SEL-NC-03,Lake Type,TUNO CREEK WEST,SEL-19-64,Lake Type,Current
NORTH COAST,Sockeye,CENTRAL COAST SOCKEYE SALMON,SEL-NC-03,Lake Type,TUNO CREEK EAST,SEL-19-63,Lake Type,VREQ[Bin]
NORTH COAST,Sockeye,CENTRAL COAST SOCKEYE SALMON,SEL-NC-03,Lake Type,TSIMTACK/LAKES,SEL-19-62,Lake Type,Current
NORTH COAST,Sockeye,CENTRAL COAST SOCKEYE SALMON,SEL-NC-03,Lake Type,TRENEMAN CREEK,SEL-19-61,Lake Type,VREQ[Bin]
NORTH COAST,Sockeye,CENTRAL COAST SOCKEYE SALMON,SEL-NC-03,Lake Type,TANKEEAH RIVER,SEL-19-60,Lake Type,Current
NORTH COAST,Sockeye,CENTRAL COAST SOCKEYE SALMON,SEL-NC-03,Lake Type,TALAMOOSA CREEK,SEL-19-59,Lake Type,Current
NORTH COAST,Sockeye,CENTRAL COAST SOCKEYE SALMON,SEL-NC-03,Lake Type,STANNARD CREEK,SEL-19-58,Lake Type,VREQ[Bin]
NORTH COAST,Sockeye,CENTRAL COAST SOCKEYE SALMON,SEL-NC-03,Lake Type,SPENCER CREEK,SEL-19-57,Lake Type,Current
NORTH COAST,Sockeye,CENTRAL COAST SOCKEYE SALMON,SEL-NC-03,Lake Type,SHIP POINT CREEK,SEL-19-56,Lake Type,VREQ[Bin]
NORTH COAST,Sockeye,CENTRAL COAST SOCKEYE SALMON,SEL-NC-03,Lake Type,SHENEEZA INLET,SEL-19-55,Lake Type,VREQ[Bin]
NORTH COAST,Sockeye,CENTRAL COAST SOCKEYE SALMON,SEL-NC-03,Lake Type,SCOULAR/KILPATRICK,SEL-19-53,Lake Type,Current
NORTH COAST,Sockeye,CENTRAL COAST SOCKEYE SALMON,SEL-NC-03,Lake Type,SALTER,SEL-19-52,Lake Type,Current
NORTH COAST,Sockeye,CENTRAL COAST SOCKEYE SALMON,SEL-NC-03,Lake Type,RYAN CREEK,SEL-19-51,Lake Type,Current
NORTH COAST,Sockeye,CENTRAL COAST SOCKEYE SALMON,SEL-NC-03,Lake Type,RODERICK,SEL-19-50,Lake Type,VREQ[Bin]
NORTH COAST,Sockeye,CENTRAL COAST SOCKEYE SALMON,SEL-NC-03,Lake Type,PRICE CREEK,SEL-19-48,Lake Type,VREQ[Bin]
NORTH COAST,Sockeye,CENTRAL COAST SOCKEYE SALMON,SEL-NC-03,Lake Type,POWLES CREEK,SEL-19-47,Lake Type,Current
NORTH COAST,Sockeye,CENTRAL COAST SOCKEYE SALMON,SEL-NC-03,Lake Type,PORT JOHN,SEL-19-46,Lake Type,Current
NORTH COAST,Sockeye,CENTRAL COAST SOCKEYE SALMON,SEL-NC-03,Lake Type,NAMU,SEL-19-45,Lake Type,Current
NORTH COAST,Sockeye,CENTRAL COAST SOCKEYE SALMON,SEL-NC-03,Lake Type,MONCKTON INLET CREEK,SEL-19-44,Lake Type,VREQ[Bin]
NORTH COAST,Sockeye,CENTRAL COAST SOCKEYE SALMON,SEL-NC-03,Lake Type,MIKADO,SEL-19-43,Lake Type,Current
NORTH COAST,Sockeye,CENTRAL COAST SOCKEYE SALMON,SEL-NC-03,Lake Type,MCLOUGHLIN,SEL-19-42,Lake Type,VREQ[Bin]
NORTH COAST,Sockeye,CENTRAL COAST SOCKEYE SALMON,SEL-NC-03,Lake Type,MCDONALD CREEK,SEL-19-41,Lake Type,VREQ[Bin]
NORTH COAST,Sockeye,CENTRAL COAST SOCKEYE SALMON,SEL-NC-03,Lake Type,MARY COVE CREEK,SEL-19-40,Lake Type,Current
NORTH COAST,Sockeye,CENTRAL COAST SOCKEYE SALMON,SEL-NC-03,Lake Type,LOWE/SIMPSON/WEARE,SEL-19-39,Lake Type,VREQ[Bin]
NORTH COAST,Sockeye,CENTRAL COAST SOCKEYE SALMON,SEL-NC-03,Lake Type,LIMESTONE CREEK,SEL-19-38,Lake Type,Current
NORTH COAST,Sockeye,CENTRAL COAST SOCKEYE SALMON,SEL-NC-03,Lake Type,LEWIS CREEK,SEL-19-37,Lake Type,VREQ[Bin]
NORTH COAST,Sockeye,CENTRAL COAST SOCKEYE SALMON,SEL-NC-03,Lake Type,KWAKWA CREEK,SEL-19-36,Lake Type,Current
NORTH COAST,Sockeye,CENTRAL COAST SOCKEYE SALMON,SEL-NC-03,Lake Type,KUNSOOT RIVER,SEL-19-35,Lake Type,VREQ[Bin]
NORTH COAST,Sockeye,CENTRAL COAST SOCKEYE SALMON,SEL-NC-03,Lake Type,KOORYET,SEL-19-34,Lake Type,Current
NORTH COAST,Sockeye,CENTRAL COAST SOCKEYE SALMON,SEL-NC-03,Lake Type,KOEYE,SEL-19-33,Lake Type,Current
NORTH COAST,Sockeye,CENTRAL COAST SOCKEYE SALMON,SEL-NC-03,Lake Type,KISAMEET,SEL-19-32,Lake Type,Current
NORTH COAST,Sockeye,CENTRAL COAST SOCKEYE SALMON,SEL-NC-03,Lake Type,KILDIDT LAGOON CREEK,SEL-19-31,Lake Type,Current
NORTH COAST,Sockeye,CENTRAL COAST SOCKEYE SALMON,SEL-NC-03,Lake Type,KILDIDT CREEK,SEL-19-30,Lake Type,VREQ[Bin]
NORTH COAST,Sockeye,CENTRAL COAST SOCKEYE SALMON,SEL-NC-03,Lake Type,KESWAR CREEK,SEL-19-29,Lake Type,VREQ[Bin]
NORTH COAST,Sockeye,CENTRAL COAST SOCKEYE SALMON,SEL-NC-03,Lake Type,KENZUWASH CREEKS,SEL-19-28,Lake Type,VREQ[Bin]
NORTH COAST,Sockeye,CENTRAL COAST SOCKEYE SALMON,SEL-NC-03,Lake Type,KENT INLET LAGOON CREEK,SEL-19-27,Lake Type,Current
NORTH COAST,Sockeye,CENTRAL COAST SOCKEYE SALMON,SEL-NC-03,Lake Type,KEECHA,SEL-19-26,Lake Type,Current
NORTH COAST,Sockeye,CENTRAL COAST SOCKEYE SALMON,SEL-NC-03,Lake Type,KDELMASHAN CREEK,SEL-19-25,Lake Type,Current
NORTH COAST,Sockeye,CENTRAL COAST SOCKEYE SALMON,SEL-NC-03,Lake Type,KADJUSDIS RIVER,SEL-19-24,Lake Type,VREQ[Bin]
NORTH COAST,Sockeye,CENTRAL COAST SOCKEYE SALMON,SEL-NC-03,Lake Type,HIGGINS LAGOON,SEL-19-23,Lake Type,Current
NORTH COAST,Sockeye,CENTRAL COAST SOCKEYE SALMON,SEL-NC-03,Lake Type,HEVENOR INLET,SEL-19-22,Lake Type,VREQ[Bin]
NORTH COAST,Sockeye,CENTRAL COAST SOCKEYE SALMON,SEL-NC-03,Lake Type,HARTLEY BAY,SEL-19-21,Lake Type,VREQ[Bin]
NORTH COAST,Sockeye,CENTRAL COAST SOCKEYE SALMON,SEL-NC-03,Lake Type,FREEDA/BRODIE,SEL-19-20,Lake Type,Current
NORTH COAST,Sockeye,CENTRAL COAST SOCKEYE SALMON,SEL-NC-03,Lake Type,EVINRUDE INLET,SEL-19-19,Lake Type,VREQ[Bin]
NORTH COAST,Sockeye,CENTRAL COAST SOCKEYE SALMON,SEL-NC-03,Lake Type,END HILL CREEK,SEL-19-18,Lake Type,Current
NORTH COAST,Sockeye,CENTRAL COAST SOCKEYE SALMON,SEL-NC-03,Lake Type,ELSIE/HOY,SEL-19-17,Lake Type,Current
NORTH COAST,Sockeye,CENTRAL COAST SOCKEYE SALMON,SEL-NC-03,Lake Type,ELIZABETH,SEL-19-16,Lake Type,VREQ[Bin]
NORTH COAST,Sockeye,CENTRAL COAST SOCKEYE SALMON,SEL-NC-03,Lake Type,DOUGLAS CREEK,SEL-19-15,Lake Type,VREQ[Bin]
NORTH COAST,Sockeye,CENTRAL COAST SOCKEYE SALMON,SEL-NC-03,Lake Type,DEVON,SEL-19-14,Lake Type,Current
NORTH COAST,Sockeye,CENTRAL COAST SOCKEYE SALMON,SEL-NC-03,Lake Type,DEER,SEL-19-13,Lake Type,VREQ[Bin]
NORTH COAST,Sockeye,CENTRAL COAST SOCKEYE SALMON,SEL-NC-03,Lake Type,DALLAIN CREEK,SEL-19-12,Lake Type,VREQ[Bin]
NORTH COAST,Sockeye,CENTRAL COAST SOCKEYE SALMON,SEL-NC-03,Lake Type,CURTIS INLET,SEL-19-11,Lake Type,Current
NORTH COAST,Sockeye,CENTRAL COAST SOCKEYE SALMON,SEL-NC-03,Lake Type,FANNIE COVE,SEL-19-10,Lake Type,Current
NORTH COAST,Sockeye,CENTRAL COAST SOCKEYE SALMON,SEL-NC-03,Lake Type,TUWARTZ,SEL-19-09,Lake Type,Current
NORTH COAST,Sockeye,CENTRAL COAST SOCKEYE SALMON,SEL-NC-03,Lake Type,CHIC CHIC,SEL-19-08,Lake Type,VREQ[Bin]
NORTH COAST,Sockeye,CENTRAL COAST SOCKEYE SALMON,SEL-NC-03,Lake Type,CARTWRIGHT CREEK,SEL-19-07,Lake Type,VREQ[Bin]
NORTH COAST,Sockeye,CENTRAL COAST SOCKEYE SALMON,SEL-NC-03,Lake Type,BUSEY CREEK,SEL-19-06,Lake Type,VREQ[Bin]
NORTH COAST,Sockeye,CENTRAL COAST SOCKEYE SALMON,SEL-NC-03,Lake Type,BORROWMAN CREEK,SEL-19-05,Lake Type,VREQ[Bin]
NORTH COAST,Sockeye,CENTRAL COAST SOCKEYE SALMON,SEL-NC-03,Lake Type,BONILLA,SEL-19-04,Lake Type,Current
NORTH COAST,Sockeye,CENTRAL COAST SOCKEYE SALMON,SEL-NC-03,Lake Type,BOLTON CREEK,SEL-19-03,Lake Type,Current
NORTH COAST,Sockeye,CENTRAL COAST SOCKEYE SALMON,SEL-NC-03,Lake Type,BLOOMFIELD,SEL-19-02,Lake Type,Current
NORTH COAST,Sockeye,CENTRAL COAST SOCKEYE SALMON,SEL-NC-03,Lake Type,BANKS,SEL-19-01,Lake Type,Current
NORTH COAST,Sockeye,CENTRAL COAST SOCKEYE SALMON,SEL-NC-03,Lake Type,WHALEN,SEL-18-11,Lake Type,VREQ[Bin]
NORTH COAST,Sockeye,CENTRAL COAST SOCKEYE SALMON,SEL-NC-03,Lake Type,PINE RIVER,SEL-18-09,Lake Type,Current
NORTH COAST,Sockeye,CENTRAL COAST SOCKEYE SALMON,SEL-NC-03,Lake Type,KITLOPE,SEL-18-08,Lake Type,Current
NORTH COAST,Sockeye,CENTRAL COAST SOCKEYE SALMON,SEL-NC-03,Lake Type,KITKIATA,SEL-18-07,Lake Type,Current
NORTH COAST,Sockeye,CENTRAL COAST SOCKEYE SALMON,SEL-NC-03,Lake Type,KIMSQUIT,SEL-18-06,Lake Type,Current
NORTH COAST,Sockeye,CENTRAL COAST SOCKEYE SALMON,SEL-NC-03,Lake Type,KAINET CREEK,SEL-18-05,Lake Type,Current
NORTH COAST,Sockeye,CENTRAL COAST SOCKEYE SALMON,SEL-NC-03,Lake Type,EVELYN,SEL-18-04,Lake Type,Current
NORTH COAST,Sockeye,CENTRAL COAST SOCKEYE SALMON,SEL-NC-03,Lake Type,DOME,SEL-18-03,Lake Type,VREQ[Bin]
NORTH COAST,Sockeye,CENTRAL COAST SOCKEYE SALMON,SEL-NC-03,Lake Type,CANOONA,SEL-18-02,Lake Type,Current
NORTH COAST,Sockeye,CENTRAL COAST SOCKEYE SALMON,SEL-NC-03,Lake Type,BACKLAND,SEL-18-01,Lake Type,VREQ[Bin]
NORTH COAST,Sockeye,HAIDA GWAII SOCKEYE SALMON,SEL-NC-01,Lake Type,YAKOUN,SEL-17-09,Lake Type,Current
NORTH COAST,Sockeye,HAIDA GWAII SOCKEYE SALMON,SEL-NC-01,Lake Type,SKIDEGATE,SEL-17-08,Lake Type,Current
NORTH COAST,Sockeye,HAIDA GWAII SOCKEYE SALMON,SEL-NC-01,Lake Type,MERCER,SEL-17-07,Lake Type,Current
NORTH COAST,Sockeye,HAIDA GWAII SOCKEYE SALMON,SEL-NC-01,Lake Type,MATHERS,SEL-17-06,Lake Type,Current
NORTH COAST,Sockeye,HAIDA GWAII SOCKEYE SALMON,SEL-NC-01,Lake Type,MARIAN,SEL-17-05,Lake Type,VREQ[Bin]
NORTH COAST,Sockeye,HAIDA GWAII SOCKEYE SALMON,SEL-NC-01,Lake Type,JALUN,SEL-17-04,Lake Type,Current
NORTH COAST,Sockeye,HAIDA GWAII SOCKEYE SALMON,SEL-NC-01,Lake Type,FAIRFAX,SEL-17-03,Lake Type,Current
NORTH COAST,Sockeye,HAIDA GWAII SOCKEYE SALMON,SEL-NC-01,Lake Type,AWUN,SEL-17-02,Lake Type,Current
NORTH COAST,Sockeye,HAIDA GWAII SOCKEYE SALMON,SEL-NC-01,Lake Type,AIN/SKUNDALE/IAN,SEL-17-01,Lake Type,Current
SOUTH COAST,Chinook,MAINLAND INLET CHINOOK SALMON,CK-SC-04,,SOUTHERN MAINLAND-SOUTHERN FJORDS_FA_0.x,CK-28,,Current
SOUTH COAST,Chinook,,,,SOUTHERN BC-CROSS-CU SUPPLEMENTATION EXCLUSION,CK-9007,,Bin
SOUTH COAST,Chinook,,,,SOUTH-MISCELLANEOUS,CK-9005,,Bin
SOUTH COAST,Chinook,,,,HATCHERY EXCLUSION-BARKLEY SOUND,CK-9001,,Deprecated(Bin)
SOUTH COAST,Chinook,,,,PORT SAN JUAN,CK-30,,Deprecated
SOUTH COAST,Chinook,,,,EAST VANCOUVER ISLAND-PUNTLEDGE-SUMMER TIMING,CK-26,,Deprecated
SOUTH COAST,Chinook,,,,EAST VANCOUVER ISLAND-NANAIMO AND CHEMAINUS SUMMER TIMING,CK-24,,Deprecated
SOUTH COAST,Chinook,WCVI CHINOOK SALMON,CK-SC-05,,WEST VANCOUVER ISLAND-NORTH_FA_0.x,CK-33,,Current
SOUTH COAST,Chinook,WCVI CHINOOK SALMON,CK-SC-05,,WEST VANCOUVER ISLAND-NOOTKA AND KYUQUOT_FA_0.x,CK-32,,Current
SOUTH COAST,Chinook,WCVI CHINOOK SALMON,CK-SC-05,,WEST VANCOUVER ISLAND-SOUTH_FA_0.x,CK-31,,Current
SOUTH COAST,Chinook,LOWER GEORGIA STRAIT CHINOOK SALMON,CK-SC-01,,EAST VANCOUVER ISLAND-NANAIMO AND CHEMAINUS_FA_0.x,CK-25,,Current
SOUTH COAST,Chinook,LOWER GEORGIA STRAIT CHINOOK SALMON,CK-SC-01,,EAST VANCOUVER ISLAND-COWICHAN AND KOKSILAH_FA_0.x,CK-22,,Current
SOUTH COAST,Chinook,LOWER GEORGIA STRAIT CHINOOK SALMON,CK-SC-01,,EAST VANCOUVER ISLAND-GOLDSTREAM_FA_0.x,CK-21,,Current
SOUTH COAST,Chinook,MIDDLE GEORGIA STRAIT CHINOOK SALMON,CK-SC-02,,EAST VANCOUVER ISLAND-GEORGIA STRAIT_SU_0.3,CK-83,,Current
SOUTH COAST,Chinook,MIDDLE GEORGIA STRAIT CHINOOK SALMON,CK-SC-02,,EAST VANCOUVER ISLAND-QUALICUM AND PUNTLEDGE_FA_0.x,CK-27,,Current
SOUTH COAST,Chinook,MIDDLE GEORGIA STRAIT CHINOOK SALMON,CK-SC-02,,SOUTHERN MAINLAND-GEORGIA STRAIT_FA_0.x,CK-20,,Current
SOUTH COAST,Chinook,MIDDLE GEORGIA STRAIT CHINOOK SALMON,CK-SC-02,,EAST VANCOUVER ISLAND-NANAIMO_SP_1.x,CK-23,,Deprecated
SOUTH COAST,Chinook,UPPER GEORGIA STRAIT CHINOOK SALMON,CK-SC-29,,EAST VANCOUVER ISLAND-NORTH_FA_0.x,CK-29,,Current
SOUTH COAST,Chinook,MAINLAND INLET CHINOOK SALMON,CK-SC-04,,HOMATHKO_SU_x.x,CK-34,,Current
SOUTH COAST,Chinook,MAINLAND INLET CHINOOK SALMON,CK-SC-04,,KLINAKLINI_SU_1.3,CK-35,,Current
SOUTH COAST,Chum,INNER SOUTH COAST CHUM SALMON,CM-SC-01,,HOWE SOUND-BURRARD INLET,CM-03,,Current
SOUTH COAST,Chum,WCVI CHUM SALMON,CM-SC-02,,NORTHWEST VANCOUVER ISLAND,CM-11,,Current
SOUTH COAST,Chum,WCVI CHUM SALMON,CM-SC-02,,SOUTHWEST VANCOUVER ISLAND,CM-10,,Current
SOUTH COAST,Chum,INNER SOUTH COAST CHUM SALMON,CM-SC-01,,UPPER KNIGHT,CM-09,,Current
SOUTH COAST,Chum,INNER SOUTH COAST CHUM SALMON,CM-SC-01,,SOUTHERN COASTAL STREAMS,CM-08,,Current
SOUTH COAST,Chum,INNER SOUTH COAST CHUM SALMON,CM-SC-01,,BUTE INLET,CM-07,,Current
SOUTH COAST,Chum,INNER SOUTH COAST CHUM SALMON,CM-SC-01,,LOUGHBOROUGH,CM-06,,Current
SOUTH COAST,Chum,INNER SOUTH COAST CHUM SALMON,CM-SC-01,,NORTHEAST VANCOUVER ISLAND,CM-05,,Current
SOUTH COAST,Chum,INNER SOUTH COAST CHUM SALMON,CM-SC-01,,GEORGIA STRAIT,CM-04,,Current
SOUTH COAST,Coho,WCVI COHO SALMON,CO-SC-02,,JUAN DE FUCA-PACHENA,CO-16,,Current
SOUTH COAST,Coho,JOHNSTONE STRAIT/MAINLAND INLET COHO SALMON,CO-SC-03,,HOMATHKO-KLINAKLINI RIVERS,CO-19,,Current
SOUTH COAST,Coho,JOHNSTONE STRAIT/MAINLAND INLET COHO SALMON,CO-SC-03,,NAHWITTI LOWLAND,CO-15,,Current
SOUTH COAST,Coho,JOHNSTONE STRAIT/MAINLAND INLET COHO SALMON,CO-SC-03,,EAST VANCOUVER ISLAND-JOHNSTONE STRAIT-SOUTHERN FJORDS,CO-14,,Current
SOUTH COAST,Coho,JOHNSTONE STRAIT/MAINLAND INLET COHO SALMON,CO-SC-03,,SOUTHERN COASTAL STREAMS-QUEEN CHARLOTTE STRAIT-JOHNSTONE STRAIT-SOUTHERN FJORDS,CO-12,,Current
SOUTH COAST,Coho,STRAIT OF GEORGIA COHO SALMON,CO-SC-01,,EAST VANCOUVER ISLAND-GEORGIA STRAIT,CO-13,,Current
SOUTH COAST,Coho,STRAIT OF GEORGIA COHO SALMON,CO-SC-01,,GEORGIA STRAIT MAINLAND,CO-11,,Current
SOUTH COAST,Coho,STRAIT OF GEORGIA COHO SALMON,CO-SC-01,,HOWE SOUND-BURRARD INLET,CO-10,,Current
SOUTH COAST,Coho,STRAIT OF GEORGIA COHO SALMON,CO-SC-01,,BOUNDARY BAY,CO-01,,VREQ[Current]
SOUTH COAST,Coho,WCVI COHO SALMON,CO-SC-02,,CLAYOQUOT,CO-18,,Current
SOUTH COAST,Coho,WCVI COHO SALMON,CO-SC-02,,WEST VANCOUVER ISLAND,CO-17,,Current
SOUTH COAST,Pink,ECVI/MAINLAND PINK SALMON - EVEN,PKE-SC-01,Even Year,GEORGIA STRAIT,PKE-01,Even Year,Current
SOUTH COAST,Pink,,,,EAST HOWE SOUND-BURRARD INLET,PKO-02,Odd Year,Current
SOUTH COAST,Pink,WCVI PINK SALMON,PK-SC-02,Even Year; Odd Year,NORTHWEST VANCOUVER ISLAND,PKE-03,Even Year,Current
SOUTH COAST,Pink,WCVI PINK SALMON,PK-SC-02,Even Year; Odd Year,WEST VANCOUVER ISLAND,PKE-02,Even Year,Current
SOUTH COAST,Pink,WCVI PINK SALMON,PK-SC-02,Even Year; Odd Year,WEST VANCOUVER ISLAND,PKO-06,Odd Year,Current
SOUTH COAST,Pink,ECVI/MAINLAND PINK SALMON - ODD,PKO-SC-01,Odd Year,SOUTHERN FJORDS,PKO-07,Odd Year,Current
SOUTH COAST,Pink,ECVI/MAINLAND PINK SALMON - ODD,PKO-SC-01,Odd Year,NAHWITTI,PKO-05,Odd Year,Current
SOUTH COAST,Pink,ECVI/MAINLAND PINK SALMON - ODD,PKO-SC-01,Odd Year,EAST VANCOUVER ISLAND-JOHNSTONE STRAIT,PKO-04,Odd Year,Current
SOUTH COAST,Pink,ECVI/MAINLAND PINK SALMON - ODD,PKO-SC-01,Odd Year,GEORGIA STRAIT,PKO-03,Odd Year,Current
SOUTH COAST,Pink,ECVI/MAINLAND PINK SALMON - EVEN,PKE-SC-01,Even Year,SOUTHERN FJORDS,PKE-04,Even Year,Current
SOUTH COAST,Sockeye,WCVI - OTHER SOCKEYE SALMON,SEL-SC-01,Lake Type,ALICE,SEL-13-01,Lake Type,Current
SOUTH COAST,Sockeye,,,,GREAT CENTRAL/SPROAT,SEL-13-XX,Lake Type,Bin
SOUTH COAST,Sockeye,,,,NW VANCOUVER ISLAND,SER-11,River Type,Current
SOUTH COAST,Sockeye,,,,WEST VANCOUVER ISLAND,SER-10,River Type,Current
SOUTH COAST,Sockeye,,,,SOUTHERN FJORDS,SER-09,River Type,Current
SOUTH COAST,Sockeye,,,,EAST VANCOUVER ISLAND AND GEORGIA STRAIT,SER-08,River Type,Current
SOUTH COAST,Sockeye,,,,LOIS,SEL-11-13,Lake Type,VREQ[Bin]
SOUTH COAST,Sockeye,,,,GLENDALE,SEL-11-12,Lake Type,VREQ[Bin]
SOUTH COAST,Sockeye,WCVI - BARKLEY SOCKEYE SALMON,SEL-SC-03,Lake Type,SPROAT,SEL-13-25,Lake Type,Current
SOUTH COAST,Sockeye,WCVI - BARKLEY SOCKEYE SALMON,SEL-SC-03,Lake Type,HENDERSON,SEL-13-09,Lake Type,Current
SOUTH COAST,Sockeye,WCVI - BARKLEY SOCKEYE SALMON,SEL-SC-03,Lake Type,GREAT CENTRAL,SEL-13-08,Lake Type,Current
SOUTH COAST,Sockeye,ECVI/MAINLAND SOCKEYE SALMON,SEL-SC-02,Lake Type,VERNON,SEL-12-09,Lake Type,Current
SOUTH COAST,Sockeye,ECVI/MAINLAND SOCKEYE SALMON,SEL-SC-02,Lake Type,PACK,SEL-11-11,Lake Type,VREQ[Bin]
SOUTH COAST,Sockeye,ECVI/MAINLAND SOCKEYE SALMON,SEL-SC-02,Lake Type,WOSS,SEL-12-08,Lake Type,Current
SOUTH COAST,Sockeye,ECVI/MAINLAND SOCKEYE SALMON,SEL-SC-02,Lake Type,SHUSHARTIE,SEL-12-07,Lake Type,Current
SOUTH COAST,Sockeye,ECVI/MAINLAND SOCKEYE SALMON,SEL-SC-02,Lake Type,SCHOEN,SEL-12-06,Lake Type,Current
SOUTH COAST,Sockeye,ECVI/MAINLAND SOCKEYE SALMON,SEL-SC-02,Lake Type,QUATSE,SEL-12-05,Lake Type,Current
SOUTH COAST,Sockeye,ECVI/MAINLAND SOCKEYE SALMON,SEL-SC-02,Lake Type,NIMPKISH,SEL-12-03,Lake Type,Current
SOUTH COAST,Sockeye,ECVI/MAINLAND SOCKEYE SALMON,SEL-SC-02,Lake Type,NAHWITTI,SEL-12-02,Lake Type,Current
SOUTH COAST,Sockeye,ECVI/MAINLAND SOCKEYE SALMON,SEL-SC-02,Lake Type,IDA/BONANZA,SEL-12-01,Lake Type,Current
SOUTH COAST,Sockeye,ECVI/MAINLAND SOCKEYE SALMON,SEL-SC-02,Lake Type,VILLAGE BAY,SEL-11-10,Lake Type,VREQ[Extirpated]
SOUTH COAST,Sockeye,ECVI/MAINLAND SOCKEYE SALMON,SEL-SC-02,Lake Type,TZOONIE,SEL-11-09,Lake Type,Current
SOUTH COAST,Sockeye,ECVI/MAINLAND SOCKEYE SALMON,SEL-SC-02,Lake Type,SAKINAW,SEL-11-07,Lake Type,Current
SOUTH COAST,Sockeye,ECVI/MAINLAND SOCKEYE SALMON,SEL-SC-02,Lake Type,PHILLIPS,SEL-11-06,Lake Type,Current
SOUTH COAST,Sockeye,ECVI/MAINLAND SOCKEYE SALMON,SEL-SC-02,Lake Type,MACKENZIE,SEL-11-05,Lake Type,Current
SOUTH COAST,Sockeye,ECVI/MAINLAND SOCKEYE SALMON,SEL-SC-02,Lake Type,LOOSE,SEL-11-04,Lake Type,Current
SOUTH COAST,Sockeye,ECVI/MAINLAND SOCKEYE SALMON,SEL-SC-02,Lake Type,KAKWEIKEN,SEL-11-03,Lake Type,Current
SOUTH COAST,Sockeye,ECVI/MAINLAND SOCKEYE SALMON,SEL-SC-02,Lake Type,HEYDON,SEL-11-02,Lake Type,Current
SOUTH COAST,Sockeye,ECVI/MAINLAND SOCKEYE SALMON,SEL-SC-02,Lake Type,FULMORE,SEL-11-01,Lake Type,Current
SOUTH COAST,Sockeye,WCVI - OTHER SOCKEYE SALMON,SEL-SC-01,Lake Type,WILLIAM/BRINK,SEL-13-26,Lake Type,Current
SOUTH COAST,Sockeye,WCVI - OTHER SOCKEYE SALMON,SEL-SC-01,Lake Type,POWER,SEL-13-23,Lake Type,Current
SOUTH COAST,Sockeye,WCVI - OTHER SOCKEYE SALMON,SEL-SC-01,Lake Type,PARK RIVER,SEL-13-22,Lake Type,Current
SOUTH COAST,Sockeye,WCVI - OTHER SOCKEYE SALMON,SEL-SC-01,Lake Type,OWOSSITSA,SEL-13-21,Lake Type,VREQ[Bin]
SOUTH COAST,Sockeye,WCVI - OTHER SOCKEYE SALMON,SEL-SC-01,Lake Type,O'CONNELL,SEL-13-20,Lake Type,Current
SOUTH COAST,Sockeye,WCVI - OTHER SOCKEYE SALMON,SEL-SC-01,Lake Type,NITINAT,SEL-13-19,Lake Type,Current
SOUTH COAST,Sockeye,WCVI - OTHER SOCKEYE SALMON,SEL-SC-01,Lake Type,MURIEL,SEL-13-18,Lake Type,Current
SOUTH COAST,Sockeye,WCVI - OTHER SOCKEYE SALMON,SEL-SC-01,Lake Type,MUCHALAT,SEL-13-17,Lake Type,Current
SOUTH COAST,Sockeye,WCVI - OTHER SOCKEYE SALMON,SEL-SC-01,Lake Type,MEGIN,SEL-13-16,Lake Type,Current
SOUTH COAST,Sockeye,WCVI - OTHER SOCKEYE SALMON,SEL-SC-01,Lake Type,MAGGIE,SEL-13-15,Lake Type,Current
SOUTH COAST,Sockeye,WCVI - OTHER SOCKEYE SALMON,SEL-SC-01,Lake Type,KENNEDY,SEL-13-14,Lake Type,Current
SOUTH COAST,Sockeye,WCVI - OTHER SOCKEYE SALMON,SEL-SC-01,Lake Type,KANIM,SEL-13-13,Lake Type,Current
SOUTH COAST,Sockeye,WCVI - OTHER SOCKEYE SALMON,SEL-SC-01,Lake Type,JANSEN,SEL-13-12,Lake Type,Current
SOUTH COAST,Sockeye,WCVI - OTHER SOCKEYE SALMON,SEL-SC-01,Lake Type,HOBITON,SEL-13-11,Lake Type,Current
SOUTH COAST,Sockeye,WCVI - OTHER SOCKEYE SALMON,SEL-SC-01,Lake Type,HESQUIAT,SEL-13-10,Lake Type,Current
SOUTH COAST,Sockeye,WCVI - OTHER SOCKEYE SALMON,SEL-SC-01,Lake Type,FAIRY,SEL-13-07,Lake Type,Current
SOUTH COAST,Sockeye,WCVI - OTHER SOCKEYE SALMON,SEL-SC-01,Lake Type,DESERTED,SEL-13-06,Lake Type,Current
SOUTH COAST,Sockeye,WCVI - OTHER SOCKEYE SALMON,SEL-SC-01,Lake Type,CLAYOQUOT,SEL-13-05,Lake Type,Current
SOUTH COAST,Sockeye,WCVI - OTHER SOCKEYE SALMON,SEL-SC-01,Lake Type,CHEEWAT,SEL-13-04,Lake Type,Current
SOUTH COAST,Sockeye,WCVI - OTHER SOCKEYE SALMON,SEL-SC-01,Lake Type,CECILIA,SEL-13-03,Lake Type,Current
SOUTH COAST,Sockeye,WCVI - OTHER SOCKEYE SALMON,SEL-SC-01,Lake Type,CANOE CREEK,SEL-13-02,Lake Type,Current
YUKON TRANSBOUNDARY,Chinook,YUKON CHINOOK SALMON,CK-YTRA-02,,UPPER YUKON RIVER,CK-69,,Current
YUKON TRANSBOUNDARY,Chinook,,,,LYNN CANAL,CK-66,,Current
YUKON TRANSBOUNDARY,Chinook,,,,WHITING,CK-62,,Current
YUKON TRANSBOUNDARY,Chinook,,,,UNUK,CK-59,,Current
YUKON TRANSBOUNDARY,Chinook,PORCUPINE CHINOOK SALMON,CK-YTRA-03,,OLD CROW,CK-79,,Current
YUKON TRANSBOUNDARY,Chinook,PORCUPINE CHINOOK SALMON,CK-YTRA-03,,PORCUPINE,CK-78,,Current
YUKON TRANSBOUNDARY,Chinook,PORCUPINE CHINOOK SALMON,CK-YTRA-03,,SALMON FORK,CK-77,,Current
YUKON TRANSBOUNDARY,Chinook,ALSEK CHINOOK SALMON,CK-YTRA-67,,ALSEK,CK-67,,Current
YUKON TRANSBOUNDARY,Chinook,TAKU CHINOOK SALMON,CK-YTRA-05,,TAKU-LATE TIMING,CK-65,,Current
YUKON TRANSBOUNDARY,Chinook,TAKU CHINOOK SALMON,CK-YTRA-05,,TAKU-MID TIMING,CK-64,,Current
YUKON TRANSBOUNDARY,Chinook,TAKU CHINOOK SALMON,CK-YTRA-05,,TAKU-EARLY TIMING,CK-63,,Current
YUKON TRANSBOUNDARY,Chinook,STIKINE CHINOOK SALMON,CK-YTRA-04,,STIKINE-LATE TIMING,CK-61,,Current
YUKON TRANSBOUNDARY,Chinook,STIKINE CHINOOK SALMON,CK-YTRA-04,,STIKINE-EARLY TIMING,CK-60,,Current
YUKON TRANSBOUNDARY,Chinook,YUKON CHINOOK SALMON,CK-YTRA-02,,YUKON RIVER-TESLIN HEADWATERS,CK-68,,Current
YUKON TRANSBOUNDARY,Chinook,YUKON CHINOOK SALMON,CK-YTRA-02,,NORTHERN YUKON RIVER AND TRIBUTARIES,CK-76,,Current
YUKON TRANSBOUNDARY,Chinook,YUKON CHINOOK SALMON,CK-YTRA-02,,WHITE AND TRIBUTARIES,CK-75,,Current
YUKON TRANSBOUNDARY,Chinook,YUKON CHINOOK SALMON,CK-YTRA-02,,STEWART,CK-74,,Current
YUKON TRANSBOUNDARY,Chinook,YUKON CHINOOK SALMON,CK-YTRA-02,,MIDDLE YUKON RIVER AND TRIBUTARIES,CK-73,,Current
YUKON TRANSBOUNDARY,Chinook,YUKON CHINOOK SALMON,CK-YTRA-02,,PELLY,CK-72,,Current
YUKON TRANSBOUNDARY,Chinook,YUKON CHINOOK SALMON,CK-YTRA-02,,NORDENSKIOLD,CK-71,,Current
YUKON TRANSBOUNDARY,Chinook,YUKON CHINOOK SALMON,CK-YTRA-02,,BIG SALMON,CK-70,,Current
YUKON TRANSBOUNDARY,Chum,YUKON CHUM SALMON,CM-YTRA-01,,TESLIN,CM-38,,Current
YUKON TRANSBOUNDARY,Chum,,,,PEEL RIVER,CM-40,,Current
YUKON TRANSBOUNDARY,Chum,,,,LOWER LIARD,CM-39,,VREQ[Current]
YUKON TRANSBOUNDARY,Chum,,,,LYNN CANAL,CM-37,,Current
YUKON TRANSBOUNDARY,Chum,,,,WHITING,CM-35,,Current
YUKON TRANSBOUNDARY,Chum,,,,UNUK,CM-33,,Current
YUKON TRANSBOUNDARY,Chum,TRANSBOUNDARY CHUM SALMON,CM-YTRA-36,,TAKU,CM-36,,Current
YUKON TRANSBOUNDARY,Chum,PORCUPINE CHUM SALMON,CM-YTRA-02,,PORCUPINE RIVER,CM-46,,Current
YUKON TRANSBOUNDARY,Chum,YUKON CHUM SALMON,CM-YTRA-01,,MIDDLE YUKON RIVER,CM-42,,Current
YUKON TRANSBOUNDARY,Chum,YUKON CHUM SALMON,CM-YTRA-01,,NORTH YUKON RIVER,CM-43,,Current
YUKON TRANSBOUNDARY,Chum,YUKON CHUM SALMON,CM-YTRA-01,,WHITE RIVER,CM-44,,Current
YUKON TRANSBOUNDARY,Chum,YUKON CHUM SALMON,CM-YTRA-01,,DONJEK-KLUANE,CM-45,,Current
YUKON TRANSBOUNDARY,Chum,YUKON CHUM SALMON,CM-YTRA-01,,STEWART,CM-48,,VREQ[Current]
YUKON TRANSBOUNDARY,Coho,STIKINE COHO SALMON,CO-YTRA-39,,LOWER STIKINE,CO-39,,Current
YUKON TRANSBOUNDARY,Coho,,,,LYNN CANAL,CO-44,,Current
YUKON TRANSBOUNDARY,Coho,,,,WHITING RIVER,CO-40,,Current
YUKON TRANSBOUNDARY,Coho,,,,UNUK RIVER,CO-38,,Current
YUKON TRANSBOUNDARY,Coho,TAKU COHO SALMON,CO-YTRA-04,,TAKU-EARLY TIMING,CO-43,,Current
YUKON TRANSBOUNDARY,Coho,TAKU COHO SALMON,CO-YTRA-04,,TAKU-MID TIMING,CO-42,,Current
YUKON TRANSBOUNDARY,Coho,TAKU COHO SALMON,CO-YTRA-04,,TAKU-LATE TIMING,CO-41,,Current
YUKON TRANSBOUNDARY,Coho,PORCUPINE COHO SALMON,CO-YTRA-46,,PORCUPINE,CO-46,,Current
YUKON TRANSBOUNDARY,Coho,ALSEK COHO SALMON,CO-YTRA-45,,ALSEK RIVER,CO-45,,Current
YUKON TRANSBOUNDARY,Pink,TRANSBOUNDARY PINK SALMON,PK-YTRA-01,Even Year; Odd Year,TRANSBOUNDARY FJORDS,PKE-13,Even Year,Current
YUKON TRANSBOUNDARY,Pink,TRANSBOUNDARY PINK SALMON,PK-YTRA-01,Even Year; Odd Year,TRANSBOUNDARY FJORDS,PKO-19,Odd Year,Current
YUKON TRANSBOUNDARY,Sockeye,ALSEK SOCKEYE SALMON,SEL-YTRA-01,Lake Type,BLANCHARD,SEL-30-01,Lake Type,Current
YUKON TRANSBOUNDARY,Sockeye,ALSEK SOCKEYE SALMON,SEL-YTRA-01,Lake Type,KLUKSHU,SEL-30-02,Lake Type,Current
YUKON TRANSBOUNDARY,Sockeye,ALSEK SOCKEYE SALMON,SEL-YTRA-01,Lake Type,NESKETAHIN,SEL-30-03,Lake Type,Current
YUKON TRANSBOUNDARY,Sockeye,TAKU SOCKEYE SALMON,SEL-YTRA-03,Lake Type,KING SALMON,SEL-28-05,Lake Type,Current
YUKON TRANSBOUNDARY,Sockeye,TAKU SOCKEYE SALMON,SEL-YTRA-03,Lake Type,KUTHAI,SEL-28-01,Lake Type,Current
YUKON TRANSBOUNDARY,Sockeye,TAKU SOCKEYE SALMON,SEL-YTRA-03,Lake Type,LITTLE TRAPPER,SEL-28-02,Lake Type,Current
YUKON TRANSBOUNDARY,Sockeye,TAKU SOCKEYE SALMON,SEL-YTRA-03,Lake Type,TATSAMENIE,SEL-28-03,Lake Type,Current
YUKON TRANSBOUNDARY,Sockeye,STIKINE SOCKEYE SALMON,SEL-YTRA-02,Lake Type,CHUTINE,SEL-26-03,Lake Type,Current
YUKON TRANSBOUNDARY,Sockeye,STIKINE SOCKEYE SALMON,SEL-YTRA-02,Lake Type,CHRISTINA,SEL-26-01,Lake Type,Current
YUKON TRANSBOUNDARY,Sockeye,STIKINE SOCKEYE SALMON,SEL-YTRA-02,Lake Type,TAHLTAN,SEL-26-02,Lake Type,Current
YUKON TRANSBOUNDARY,Sockeye,,,,WHITING,SEL-27-01,Lake Type,Current
YUKON TRANSBOUNDARY,Sockeye,,,,BORDER,SEL-25-01,Lake Type,Current
YUKON TRANSBOUNDARY,Sockeye,,,,CHILKAT RIVER,SER-23,River Type,Current
YUKON TRANSBOUNDARY,Sockeye,,,,ALSEK RIVER,SER-24,River Type,Current
